ordernumber,quantityordered,priceeach,orderlinenumber,sales,orderdate,status,qtr_id,month_id,year_id,productline,msrp,productcode,customername,phone,addressline1,addressline2,city,state,postalcode,country,territory,contactlastname,contactfirstname,dealsize,formatted_date
10223,37,100.0,1,3965.66,2004-02-20,Shipped,1,2,2004,Motorcycles,95,S10_1678,"Australian Collectors, Co.",03 9520 4555,636 St Kilda Road,Level 3,Melbourne,Victoria,3004,Australia,APAC,Ferguson,Peter,Medium,20-02-2004
10361,20,72.55,13,1451.0,2004-12-17,Shipped,4,12,2004,Motorcycles,95,S10_1678,Souveniers And Things Co.,+61 2 9495 8555,"Monitor Money Building, 815 Pacific Hwy",Level 6,Chatswood,NSW,2067,Australia,APAC,Huxley,Adrian,Small,17-12-2004
10174,34,100.0,4,8014.82,2003-11-06,Shipped,4,11,2003,Classic Cars,214,S10_1949,"Australian Gift Network, Co",61-7-3844-6555,31 Duncan St. West End,,South Brisbane,Queensland,4101,Australia,APAC,Calaghan,Tony,Large,06-11-2003
10258,32,100.0,6,7680.64,2004-06-15,Shipped,2,6,2004,Classic Cars,214,S10_1949,"Tokyo Collectables, Ltd",+81 3 3584 0555,2-2-8 Roppongi,,Minato-ku,Tokyo,106-0032,Japan,Japan,Shimamura,Akiko,Large,15-06-2004
10270,21,100.0,9,4905.39,2004-07-19,Shipped,3,7,2004,Classic Cars,214,S10_1949,Souveniers And Things Co.,+61 2 9495 8555,"Monitor Money Building, 815 Pacific Hwy",Level 6,Chatswood,NSW,2067,Australia,APAC,Huxley,Adrian,Medium,19-07-2004
10347,30,100.0,1,3944.7,2004-11-29,Shipped,4,11,2004,Classic Cars,214,S10_1949,"Australian Collectors, Co.",03 9520 4555,636 St Kilda Road,Level 3,Melbourne,Victoria,3004,Australia,APAC,Ferguson,Peter,Medium,29-11-2004
10391,24,100.0,4,2416.56,2005-03-09,Shipped,1,3,2005,Classic Cars,214,S10_1949,"Anna's Decorations, Ltd",02 9936 8555,201 Miller Street,Level 15,North Sydney,NSW,2060,Australia,APAC,O'Hara,Anna,Small,09-03-2005
10120,29,96.34,3,2793.86,2003-04-29,Shipped,2,4,2003,Motorcycles,118,S10_2016,"Australian Collectors, Co.",03 9520 4555,636 St Kilda Road,Level 3,Melbourne,Victoria,3004,Australia,APAC,Ferguson,Peter,Small,29-04-2003
10210,23,100.0,2,3009.09,2004-01-12,Shipped,1,1,2004,Motorcycles,118,S10_2016,Osaka Souveniers Co.,+81 06 6342 5555,"Dojima Avanza 4F, 1-6-20 Dojima, Kita-ku",,Osaka,Osaka,530-0003,Japan,Japan,Kentary,Mory,Medium,12-01-2004
10223,47,100.0,4,5422.39,2004-02-20,Shipped,1,2,2004,Motorcycles,118,S10_2016,"Australian Collectors, Co.",03 9520 4555,636 St Kilda Road,Level 3,Melbourne,Victoria,3004,Australia,APAC,Ferguson,Peter,Medium,20-02-2004
10339,40,68.92,4,2756.8,2004-11-23,Shipped,4,11,2004,Motorcycles,118,S10_2016,"Tokyo Collectables, Ltd",+81 3 3584 0555,2-2-8 Roppongi,,Minato-ku,Tokyo,106-0032,Japan,Japan,Shimamura,Akiko,Small,23-11-2004
10361,26,51.15,8,1329.9,2004-12-17,Shipped,4,12,2004,Motorcycles,118,S10_2016,Souveniers And Things Co.,+61 2 9495 8555,"Monitor Money Building, 815 Pacific Hwy",Level 6,Chatswood,NSW,2067,Australia,APAC,Huxley,Adrian,Small,17-12-2004
10374,39,100.0,5,5288.01,2005-02-02,Shipped,1,2,2005,Motorcycles,118,S10_2016,"Australian Gift Network, Co",61-7-3844-6555,31 Duncan St. West End,,South Brisbane,Queensland,4101,Australia,APAC,Calaghan,Tony,Medium,02-02-2005
10120,46,100.0,2,9264.86,2003-04-29,Shipped,2,4,2003,Motorcycles,193,S10_4698,"Australian Collectors, Co.",03 9520 4555,636 St Kilda Road,Level 3,Melbourne,Victoria,3004,Australia,APAC,Ferguson,Peter,Large,29-04-2003
10210,34,100.0,1,6123.4,2004-01-12,Shipped,1,1,2004,Motorcycles,193,S10_4698,Osaka Souveniers Co.,+81 06 6342 5555,"Dojima Avanza 4F, 1-6-20 Dojima, Kita-ku",,Osaka,Osaka,530-0003,Japan,Japan,Kentary,Mory,Medium,12-01-2004
10223,49,100.0,3,9774.03,2004-02-20,Shipped,1,2,2004,Motorcycles,193,S10_4698,"Australian Collectors, Co.",03 9520 4555,636 St Kilda Road,Level 3,Melbourne,Victoria,3004,Australia,APAC,Ferguson,Peter,Large,20-02-2004
10339,39,76.67,3,2990.13,2004-11-23,Shipped,4,11,2004,Motorcycles,193,S10_4698,"Tokyo Collectables, Ltd",+81 3 3584 0555,2-2-8 Roppongi,,Minato-ku,Tokyo,106-0032,Japan,Japan,Shimamura,Akiko,Small,23-11-2004
10374,22,100.0,1,3834.38,2005-02-02,Shipped,1,2,2005,Motorcycles,193,S10_4698,"Australian Gift Network, Co",61-7-3844-6555,31 Duncan St. West End,,South Brisbane,Queensland,4101,Australia,APAC,Calaghan,Tony,Medium,02-02-2005
10316,33,100.0,17,4128.96,2004-11-01,Shipped,4,11,2004,Classic Cars,136,S10_4757,giftsbymail.co.uk,(198) 555-8888,Garden House Crowther Way,,Cowes,Isle of Wight,PO31 7PJ,Uk,EMEA,Bennett,Helen,Medium,01-11-2004
10270,32,100.0,2,4302.08,2004-07-19,Shipped,3,7,2004,Classic Cars,147,S10_4962,Souveniers And Things Co.,+61 2 9495 8555,"Monitor Money Building, 815 Pacific Hwy",Level 6,Chatswood,NSW,2067,Australia,APAC,Huxley,Adrian,Medium,19-07-2004
10347,27,100.0,2,4428.0,2004-11-29,Shipped,4,11,2004,Classic Cars,147,S10_4962,"Australian Collectors, Co.",03 9520 4555,636 St Kilda Road,Level 3,Melbourne,Victoria,3004,Australia,APAC,Ferguson,Peter,Medium,29-11-2004
10370,35,65.63,4,2297.05,2005-01-20,Shipped,1,1,2005,Classic Cars,147,S10_4962,"Anna's Decorations, Ltd",02 9936 8555,201 Miller Street,Level 15,North Sydney,NSW,2060,Australia,APAC,O'Hara,Anna,Small,20-01-2005
10391,37,46.9,7,1735.3,2005-03-09,Shipped,1,3,2005,Classic Cars,147,S10_4962,"Anna's Decorations, Ltd",02 9936 8555,201 Miller Street,Level 15,North Sydney,NSW,2060,Australia,APAC,O'Hara,Anna,Small,09-03-2005
10169,30,100.0,2,5019.9,2003-11-04,Shipped,4,11,2003,Classic Cars,194,S12_1099,"Anna's Decorations, Ltd",02 9936 8555,201 Miller Street,Level 15,North Sydney,NSW,2060,Australia,APAC,O'Hara,Anna,Medium,04-11-2003
10174,43,100.0,1,6817.22,2003-11-06,Shipped,4,11,2003,Trucks and Buses,136,S12_1666,"Australian Gift Network, Co",61-7-3844-6555,31 Duncan St. West End,,South Brisbane,Queensland,4101,Australia,APAC,Calaghan,Tony,Medium,06-11-2003
10258,41,100.0,3,6668.24,2004-06-15,Shipped,2,6,2004,Trucks and Buses,136,S12_1666,"Tokyo Collectables, Ltd",+81 3 3584 0555,2-2-8 Roppongi,,Minato-ku,Tokyo,106-0032,Japan,Japan,Shimamura,Akiko,Medium,15-06-2004
10270,28,100.0,6,4094.72,2004-07-19,Shipped,3,7,2004,Trucks and Buses,136,S12_1666,Souveniers And Things Co.,+61 2 9495 8555,"Monitor Money Building, 815 Pacific Hwy",Level 6,Chatswood,NSW,2067,Australia,APAC,Huxley,Adrian,Medium,19-07-2004
10347,29,100.0,3,3586.43,2004-11-29,Shipped,4,11,2004,Trucks and Buses,136,S12_1666,"Australian Collectors, Co.",03 9520 4555,636 St Kilda Road,Level 3,Melbourne,Victoria,3004,Australia,APAC,Ferguson,Peter,Medium,29-11-2004
10370,49,100.0,8,8470.14,2005-01-20,Shipped,1,1,2005,Trucks and Buses,136,S12_1666,"Anna's Decorations, Ltd",02 9936 8555,201 Miller Street,Level 15,North Sydney,NSW,2060,Australia,APAC,O'Hara,Anna,Large,20-01-2005
10391,39,63.2,9,2464.8,2005-03-09,Shipped,1,3,2005,Trucks and Buses,136,S12_1666,"Anna's Decorations, Ltd",02 9936 8555,201 Miller Street,Level 15,North Sydney,NSW,2060,Australia,APAC,O'Hara,Anna,Small,09-03-2005
10169,35,100.0,13,4639.25,2003-11-04,Shipped,4,11,2003,Motorcycles,150,S12_2823,"Anna's Decorations, Ltd",02 9936 8555,201 Miller Street,Level 15,North Sydney,NSW,2060,Australia,APAC,O'Hara,Anna,Medium,04-11-2003
10372,40,100.0,4,5862.0,2005-01-26,Shipped,1,1,2005,Classic Cars,151,S12_3148,"Tokyo Collectables, Ltd",+81 3 3584 0555,2-2-8 Roppongi,,Minato-ku,Tokyo,106-0032,Japan,Japan,Shimamura,Akiko,Medium,26-01-2005
10372,34,100.0,1,5941.5,2005-01-26,Shipped,1,1,2005,Classic Cars,173,S12_3891,"Tokyo Collectables, Ltd",+81 3 3584 0555,2-2-8 Roppongi,,Minato-ku,Tokyo,106-0032,Japan,Japan,Shimamura,Akiko,Medium,26-01-2005
10169,36,63.84,3,2298.24,2003-11-04,Shipped,4,11,2003,Classic Cars,79,S12_3990,"Anna's Decorations, Ltd",02 9936 8555,201 Miller Street,Level 15,North Sydney,NSW,2060,Australia,APAC,O'Hara,Anna,Small,04-11-2003
10174,48,93.34,3,4480.32,2003-11-06,Shipped,4,11,2003,Trucks and Buses,116,S18_1097,"Australian Gift Network, Co",61-7-3844-6555,31 Duncan St. West End,,South Brisbane,Queensland,4101,Australia,APAC,Calaghan,Tony,Medium,06-11-2003
10258,41,100.0,5,5453.0,2004-06-15,Shipped,2,6,2004,Trucks and Buses,116,S18_1097,"Tokyo Collectables, Ltd",+81 3 3584 0555,2-2-8 Roppongi,,Minato-ku,Tokyo,106-0032,Japan,Japan,Shimamura,Akiko,Medium,15-06-2004
10270,43,96.84,8,4164.12,2004-07-19,Shipped,3,7,2004,Trucks and Buses,116,S18_1097,Souveniers And Things Co.,+61 2 9495 8555,"Monitor Money Building, 815 Pacific Hwy",Level 6,Chatswood,NSW,2067,Australia,APAC,Huxley,Adrian,Medium,19-07-2004
10347,42,49.6,5,2083.2,2004-11-29,Shipped,4,11,2004,Trucks and Buses,116,S18_1097,"Australian Collectors, Co.",03 9520 4555,636 St Kilda Road,Level 3,Melbourne,Victoria,3004,Australia,APAC,Ferguson,Peter,Small,29-11-2004
10370,27,100.0,1,3911.49,2005-01-20,Shipped,1,1,2005,Trucks and Buses,116,S18_1097,"Anna's Decorations, Ltd",02 9936 8555,201 Miller Street,Level 15,North Sydney,NSW,2060,Australia,APAC,O'Hara,Anna,Medium,20-01-2005
10391,29,85.1,10,2467.9,2005-03-09,Shipped,1,3,2005,Trucks and Buses,116,S18_1097,"Anna's Decorations, Ltd",02 9936 8555,201 Miller Street,Level 15,North Sydney,NSW,2060,Australia,APAC,O'Hara,Anna,Small,09-03-2005
10148,23,100.0,13,2702.04,2003-09-11,Shipped,3,9,2003,Classic Cars,141,S18_1129,"Anna's Decorations, Ltd",02 9936 8555,201 Miller Street,Level 15,North Sydney,NSW,2060,Australia,APAC,O'Hara,Anna,Small,11-09-2003
10240,41,100.0,3,5628.89,2004-04-13,Shipped,2,4,2004,Classic Cars,141,S18_1129,Osaka Souveniers Co.,+81 06 6342 5555,"Dojima Avanza 4F, 1-6-20 Dojima, Kita-ku",,Osaka,Osaka,530-0003,Japan,Japan,Kentary,Mory,Medium,13-04-2004
10342,40,100.0,2,6454.4,2004-11-24,Shipped,4,11,2004,Classic Cars,141,S18_1129,"Australian Collectors, Co.",03 9520 4555,636 St Kilda Road,Level 3,Melbourne,Victoria,3004,Australia,APAC,Ferguson,Peter,Medium,24-11-2004
10125,32,100.0,1,3254.72,2003-05-21,Shipped,2,5,2003,Vintage Cars,102,S18_1342,"Australian Collectors, Co.",03 9520 4555,636 St Kilda Road,Level 3,Melbourne,Victoria,3004,Australia,APAC,Ferguson,Peter,Medium,21-05-2003
10139,31,100.0,7,3184.94,2003-07-16,Shipped,3,7,2003,Vintage Cars,102,S18_1342,Souveniers And Things Co.,+61 2 9495 8555,"Monitor Money Building, 815 Pacific Hwy",Level 6,Chatswood,NSW,2067,Australia,APAC,Huxley,Adrian,Medium,16-07-2003
10193,28,100.0,7,3106.88,2003-11-21,Shipped,4,11,2003,Vintage Cars,102,S18_1342,"Australian Collectables, Ltd",61-9-3844-6555,7 Allen Street,,Glen Waverly,Victoria,3150,Australia,APAC,Connery,Sean,Medium,21-11-2003
10391,35,100.0,2,5548.9,2005-03-09,Shipped,1,3,2005,Vintage Cars,102,S18_1342,"Anna's Decorations, Ltd",02 9936 8555,201 Miller Street,Level 15,North Sydney,NSW,2060,Australia,APAC,O'Hara,Anna,Medium,09-03-2005
10139,49,43.13,6,2113.37,2003-07-16,Shipped,3,7,2003,Vintage Cars,53,S18_1367,Souveniers And Things Co.,+61 2 9495 8555,"Monitor Money Building, 815 Pacific Hwy",Level 6,Chatswood,NSW,2067,Australia,APAC,Huxley,Adrian,Small,16-07-2003
10193,46,53.37,6,2455.02,2003-11-21,Shipped,4,11,2003,Vintage Cars,53,S18_1367,"Australian Collectables, Ltd",61-9-3844-6555,7 Allen Street,,Glen Waverly,Victoria,3150,Australia,APAC,Connery,Sean,Small,21-11-2003
10347,21,58.95,7,1237.95,2004-11-29,Shipped,4,11,2004,Vintage Cars,53,S18_1367,"Australian Collectors, Co.",03 9520 4555,636 St Kilda Road,Level 3,Melbourne,Victoria,3004,Australia,APAC,Ferguson,Peter,Small,29-11-2004
10391,42,100.0,3,4998.0,2005-03-09,Shipped,1,3,2005,Vintage Cars,53,S18_1367,"Anna's Decorations, Ltd",02 9936 8555,201 Miller Street,Level 15,North Sydney,NSW,2060,Australia,APAC,O'Hara,Anna,Medium,09-03-2005
10148,47,100.0,9,5848.68,2003-09-11,Shipped,3,9,2003,Classic Cars,124,S18_1589,"Anna's Decorations, Ltd",02 9936 8555,201 Miller Street,Level 15,North Sydney,NSW,2060,Australia,APAC,O'Hara,Anna,Medium,11-09-2003
10210,31,100.0,17,5719.5,2004-01-12,Shipped,1,1,2004,Planes,157,S18_1662,Osaka Souveniers Co.,+81 06 6342 5555,"Dojima Avanza 4F, 1-6-20 Dojima, Kita-ku",,Osaka,Osaka,530-0003,Japan,Japan,Kentary,Mory,Medium,12-01-2004
10316,27,100.0,9,3704.13,2004-11-01,Shipped,4,11,2004,Planes,157,S18_1662,giftsbymail.co.uk,(198) 555-8888,Garden House Crowther Way,,Cowes,Isle of Wight,PO31 7PJ,Uk,EMEA,Bennett,Helen,Medium,01-11-2004
10193,21,100.0,14,3141.6,2003-11-21,Shipped,4,11,2003,Vintage Cars,170,S18_1749,"Australian Collectables, Ltd",61-9-3844-6555,7 Allen Street,,Glen Waverly,Victoria,3150,Australia,APAC,Connery,Sean,Medium,21-11-2003
10420,37,100.0,5,5283.6,2005-05-29,In Process,2,5,2005,Vintage Cars,170,S18_1749,Souveniers And Things Co.,+61 2 9495 8555,"Monitor Money Building, 815 Pacific Hwy",Level 6,Chatswood,NSW,2067,Australia,APAC,Huxley,Adrian,Medium,29-05-2005
10342,55,65.45,1,3599.75,2004-11-24,Shipped,4,11,2004,Classic Cars,77,S18_1889,"Australian Collectors, Co.",03 9520 4555,636 St Kilda Road,Level 3,Melbourne,Victoria,3004,Australia,APAC,Ferguson,Peter,Medium,24-11-2004
10148,25,100.0,12,4232.0,2003-09-11,Shipped,3,9,2003,Classic Cars,142,S18_1984,"Anna's Decorations, Ltd",02 9936 8555,201 Miller Street,Level 15,North Sydney,NSW,2060,Australia,APAC,O'Hara,Anna,Medium,11-09-2003
10240,37,100.0,2,5526.32,2004-04-13,Shipped,2,4,2004,Classic Cars,142,S18_1984,Osaka Souveniers Co.,+81 06 6342 5555,"Dojima Avanza 4F, 1-6-20 Dojima, Kita-ku",,Osaka,Osaka,530-0003,Japan,Japan,Kentary,Mory,Medium,13-04-2004
10342,22,100.0,3,3160.74,2004-11-24,Shipped,4,11,2004,Classic Cars,142,S18_1984,"Australian Collectors, Co.",03 9520 4555,636 St Kilda Road,Level 3,Melbourne,Victoria,3004,Australia,APAC,Ferguson,Peter,Medium,24-11-2004
10193,42,59.33,13,2491.86,2003-11-21,Shipped,4,11,2003,Vintage Cars,60,S18_2248,"Australian Collectables, Ltd",61-9-3844-6555,7 Allen Street,,Glen Waverly,Victoria,3150,Australia,APAC,Connery,Sean,Small,21-11-2003
10420,36,63.57,4,2288.52,2005-05-29,In Process,2,5,2005,Vintage Cars,60,S18_2248,Souveniers And Things Co.,+61 2 9495 8555,"Monitor Money Building, 815 Pacific Hwy",Level 6,Chatswood,NSW,2067,Australia,APAC,Huxley,Adrian,Small,29-05-2005
10370,22,100.0,5,3949.0,2005-01-20,Shipped,1,1,2005,Trucks and Buses,122,S18_2319,"Anna's Decorations, Ltd",02 9936 8555,201 Miller Street,Level 15,North Sydney,NSW,2060,Australia,APAC,O'Hara,Anna,Medium,20-01-2005
10193,44,100.0,11,4642.88,2003-11-21,Shipped,4,11,2003,Vintage Cars,127,S18_2325,"Australian Collectables, Ltd",61-9-3844-6555,7 Allen Street,,Glen Waverly,Victoria,3150,Australia,APAC,Connery,Sean,Medium,21-11-2003
10420,45,100.0,2,4977.0,2005-05-29,In Process,2,5,2005,Vintage Cars,127,S18_2325,Souveniers And Things Co.,+61 2 9495 8555,"Monitor Money Building, 815 Pacific Hwy",Level 6,Chatswood,NSW,2067,Australia,APAC,Huxley,Adrian,Medium,29-05-2005
10347,50,100.0,8,6834.5,2004-11-29,Shipped,4,11,2004,Trucks and Buses,60,S18_2432,"Australian Collectors, Co.",03 9520 4555,636 St Kilda Road,Level 3,Melbourne,Victoria,3004,Australia,APAC,Ferguson,Peter,Medium,29-11-2004
10370,22,96.86,7,2130.92,2005-01-20,Shipped,1,1,2005,Trucks and Buses,60,S18_2432,"Anna's Decorations, Ltd",02 9936 8555,201 Miller Street,Level 15,North Sydney,NSW,2060,Australia,APAC,O'Hara,Anna,Small,20-01-2005
10391,44,38.5,5,1694.0,2005-03-09,Shipped,1,3,2005,Trucks and Buses,60,S18_2432,"Anna's Decorations, Ltd",02 9936 8555,201 Miller Street,Level 15,North Sydney,NSW,2060,Australia,APAC,O'Hara,Anna,Small,09-03-2005
10120,29,71.81,8,2082.49,2003-04-29,Shipped,2,4,2003,Planes,84,S18_2581,"Australian Collectors, Co.",03 9520 4555,636 St Kilda Road,Level 3,Melbourne,Victoria,3004,Australia,APAC,Ferguson,Peter,Small,29-04-2003
10210,50,76.88,7,3844.0,2004-01-12,Shipped,1,1,2004,Planes,84,S18_2581,Osaka Souveniers Co.,+81 06 6342 5555,"Dojima Avanza 4F, 1-6-20 Dojima, Kita-ku",,Osaka,Osaka,530-0003,Japan,Japan,Kentary,Mory,Medium,12-01-2004
10223,47,100.0,9,4724.91,2004-02-20,Shipped,1,2,2004,Planes,84,S18_2581,"Australian Collectors, Co.",03 9520 4555,636 St Kilda Road,Level 3,Melbourne,Victoria,3004,Australia,APAC,Ferguson,Peter,Medium,20-02-2004
10339,27,100.0,2,2810.7,2004-11-23,Shipped,4,11,2004,Planes,84,S18_2581,"Tokyo Collectables, Ltd",+81 3 3584 0555,2-2-8 Roppongi,,Minato-ku,Tokyo,106-0032,Japan,Japan,Shimamura,Akiko,Small,23-11-2004
10374,42,69.27,2,2909.34,2005-02-02,Shipped,1,2,2005,Planes,84,S18_2581,"Australian Gift Network, Co",61-7-3844-6555,31 Duncan St. West End,,South Brisbane,Queensland,4101,Australia,APAC,Calaghan,Tony,Small,02-02-2005
10120,46,58.15,4,2674.9,2003-04-29,Shipped,2,4,2003,Motorcycles,60,S18_2625,"Australian Collectors, Co.",03 9520 4555,636 St Kilda Road,Level 3,Melbourne,Victoria,3004,Australia,APAC,Ferguson,Peter,Small,29-04-2003
10210,40,49.67,3,1986.8,2004-01-12,Shipped,1,1,2004,Motorcycles,60,S18_2625,Osaka Souveniers Co.,+81 06 6342 5555,"Dojima Avanza 4F, 1-6-20 Dojima, Kita-ku",,Osaka,Osaka,530-0003,Japan,Japan,Kentary,Mory,Small,12-01-2004
10223,28,60.57,5,1695.96,2004-02-20,Shipped,1,2,2004,Motorcycles,60,S18_2625,"Australian Collectors, Co.",03 9520 4555,636 St Kilda Road,Level 3,Melbourne,Victoria,3004,Australia,APAC,Ferguson,Peter,Small,20-02-2004
10339,30,62.16,1,1864.8,2004-11-23,Shipped,4,11,2004,Motorcycles,60,S18_2625,"Tokyo Collectables, Ltd",+81 3 3584 0555,2-2-8 Roppongi,,Minato-ku,Tokyo,106-0032,Japan,Japan,Shimamura,Akiko,Small,23-11-2004
10374,22,53.3,4,1172.6,2005-02-02,Shipped,1,2,2005,Motorcycles,60,S18_2625,"Australian Gift Network, Co",61-7-3844-6555,31 Duncan St. West End,,South Brisbane,Queensland,4101,Australia,APAC,Calaghan,Tony,Small,02-02-2005
10125,34,100.0,2,6483.46,2003-05-21,Shipped,2,5,2003,Vintage Cars,168,S18_2795,"Australian Collectors, Co.",03 9520 4555,636 St Kilda Road,Level 3,Melbourne,Victoria,3004,Australia,APAC,Ferguson,Peter,Medium,21-05-2003
10139,41,100.0,8,7956.46,2003-07-16,Shipped,3,7,2003,Vintage Cars,168,S18_2795,Souveniers And Things Co.,+61 2 9495 8555,"Monitor Money Building, 815 Pacific Hwy",Level 6,Chatswood,NSW,2067,Australia,APAC,Huxley,Adrian,Large,16-07-2003
10193,22,100.0,8,3675.32,2003-11-21,Shipped,4,11,2003,Vintage Cars,168,S18_2795,"Australian Collectables, Ltd",61-9-3844-6555,7 Allen Street,,Glen Waverly,Victoria,3150,Australia,APAC,Connery,Sean,Medium,21-11-2003
10347,21,100.0,6,4815.3,2004-11-29,Shipped,4,11,2004,Vintage Cars,168,S18_2795,"Australian Collectors, Co.",03 9520 4555,636 St Kilda Road,Level 3,Melbourne,Victoria,3004,Australia,APAC,Ferguson,Peter,Medium,29-11-2004
10148,27,100.0,10,3528.36,2003-09-11,Shipped,3,9,2003,Classic Cars,132,S18_2870,"Anna's Decorations, Ltd",02 9936 8555,201 Miller Street,Level 15,North Sydney,NSW,2060,Australia,APAC,O'Hara,Anna,Medium,11-09-2003
10139,46,100.0,1,5545.76,2003-07-16,Shipped,3,7,2003,Vintage Cars,101,S18_2949,Souveniers And Things Co.,+61 2 9495 8555,"Monitor Money Building, 815 Pacific Hwy",Level 6,Chatswood,NSW,2067,Australia,APAC,Huxley,Adrian,Medium,16-07-2003
10174,46,100.0,5,5592.22,2003-11-06,Shipped,4,11,2003,Vintage Cars,101,S18_2949,"Australian Gift Network, Co",61-7-3844-6555,31 Duncan St. West End,,South Brisbane,Queensland,4101,Australia,APAC,Calaghan,Tony,Medium,06-11-2003
10193,28,93.21,1,2609.88,2003-11-21,Shipped,4,11,2003,Vintage Cars,101,S18_2949,"Australian Collectables, Ltd",61-9-3844-6555,7 Allen Street,,Glen Waverly,Victoria,3150,Australia,APAC,Connery,Sean,Small,21-11-2003
10270,31,96.24,10,2983.44,2004-07-19,Shipped,3,7,2004,Vintage Cars,101,S18_2949,Souveniers And Things Co.,+61 2 9495 8555,"Monitor Money Building, 815 Pacific Hwy",Level 6,Chatswood,NSW,2067,Australia,APAC,Huxley,Adrian,Small,19-07-2004
10347,48,100.0,9,4814.4,2004-11-29,Shipped,4,11,2004,Vintage Cars,101,S18_2949,"Australian Collectors, Co.",03 9520 4555,636 St Kilda Road,Level 3,Melbourne,Victoria,3004,Australia,APAC,Ferguson,Peter,Medium,29-11-2004
10391,32,45.25,6,1448.0,2005-03-09,Shipped,1,3,2005,Vintage Cars,101,S18_2949,"Anna's Decorations, Ltd",02 9936 8555,201 Miller Street,Level 15,North Sydney,NSW,2060,Australia,APAC,O'Hara,Anna,Small,09-03-2005
10139,20,71.2,3,1424.0,2003-07-16,Shipped,3,7,2003,Vintage Cars,62,S18_2957,Souveniers And Things Co.,+61 2 9495 8555,"Monitor Money Building, 815 Pacific Hwy",Level 6,Chatswood,NSW,2067,Australia,APAC,Huxley,Adrian,Small,16-07-2003
10193,24,51.84,3,1244.16,2003-11-21,Shipped,4,11,2003,Vintage Cars,62,S18_2957,"Australian Collectables, Ltd",61-9-3844-6555,7 Allen Street,,Glen Waverly,Victoria,3150,Australia,APAC,Connery,Sean,Small,21-11-2003
10347,34,64.96,10,2208.64,2004-11-29,Shipped,4,11,2004,Vintage Cars,62,S18_2957,"Australian Collectors, Co.",03 9520 4555,636 St Kilda Road,Level 3,Melbourne,Victoria,3004,Australia,APAC,Ferguson,Peter,Small,29-11-2004
10316,21,94.62,15,1987.02,2004-11-01,Shipped,4,11,2004,Ships,86,S18_3029,giftsbymail.co.uk,(198) 555-8888,Garden House Crowther Way,,Cowes,Isle of Wight,PO31 7PJ,Uk,EMEA,Bennett,Helen,Small,01-11-2004
10139,20,90.06,2,1801.2,2003-07-16,Shipped,3,7,2003,Vintage Cars,104,S18_3136,Souveniers And Things Co.,+61 2 9495 8555,"Monitor Money Building, 815 Pacific Hwy",Level 6,Chatswood,NSW,2067,Australia,APAC,Huxley,Adrian,Small,16-07-2003
10193,23,100.0,2,2769.89,2003-11-21,Shipped,4,11,2003,Vintage Cars,104,S18_3136,"Australian Collectables, Ltd",61-9-3844-6555,7 Allen Street,,Glen Waverly,Victoria,3150,Australia,APAC,Connery,Sean,Small,21-11-2003
10270,38,100.0,11,4775.08,2004-07-19,Shipped,3,7,2004,Vintage Cars,104,S18_3136,Souveniers And Things Co.,+61 2 9495 8555,"Monitor Money Building, 815 Pacific Hwy",Level 6,Chatswood,NSW,2067,Australia,APAC,Huxley,Adrian,Medium,19-07-2004
10347,45,100.0,11,4948.2,2004-11-29,Shipped,4,11,2004,Vintage Cars,104,S18_3136,"Australian Collectors, Co.",03 9520 4555,636 St Kilda Road,Level 3,Melbourne,Victoria,3004,Australia,APAC,Ferguson,Peter,Medium,29-11-2004
10232,22,100.0,6,3606.02,2004-03-20,Shipped,1,3,2004,Vintage Cars,136,S18_3140,giftsbymail.co.uk,(198) 555-8888,Garden House Crowther Way,,Cowes,Isle of Wight,PO31 7PJ,Uk,EMEA,Bennett,Helen,Medium,20-03-2004
10372,28,100.0,3,3862.88,2005-01-26,Shipped,1,1,2005,Vintage Cars,136,S18_3140,"Tokyo Collectables, Ltd",+81 3 3584 0555,2-2-8 Roppongi,,Minato-ku,Tokyo,106-0032,Japan,Japan,Shimamura,Akiko,Medium,26-01-2005
10148,32,100.0,14,5418.88,2003-09-11,Shipped,3,9,2003,Classic Cars,169,S18_3232,"Anna's Decorations, Ltd",02 9936 8555,201 Miller Street,Level 15,North Sydney,NSW,2060,Australia,APAC,O'Hara,Anna,Medium,11-09-2003
10342,30,100.0,4,5029.5,2004-11-24,Shipped,4,11,2004,Classic Cars,169,S18_3232,"Australian Collectors, Co.",03 9520 4555,636 St Kilda Road,Level 3,Melbourne,Victoria,3004,Australia,APAC,Ferguson,Peter,Medium,24-11-2004
10370,27,56.85,9,1534.95,2005-01-20,Shipped,1,1,2005,Classic Cars,169,S18_3232,"Anna's Decorations, Ltd",02 9936 8555,201 Miller Street,Level 15,North Sydney,NSW,2060,Australia,APAC,O'Hara,Anna,Small,20-01-2005
10232,48,95.8,8,4598.4,2004-03-20,Shipped,1,3,2004,Trains,100,S18_3259,giftsbymail.co.uk,(198) 555-8888,Garden House Crowther Way,,Cowes,Isle of Wight,PO31 7PJ,Uk,EMEA,Bennett,Helen,Medium,20-03-2004
10372,25,84.71,5,2117.75,2005-01-26,Shipped,1,1,2005,Trains,100,S18_3259,"Tokyo Collectables, Ltd",+81 3 3584 0555,2-2-8 Roppongi,,Minato-ku,Tokyo,106-0032,Japan,Japan,Shimamura,Akiko,Small,26-01-2005
10169,32,70.76,5,2264.32,2003-11-04,Shipped,4,11,2003,Classic Cars,80,S18_3278,"Anna's Decorations, Ltd",02 9936 8555,201 Miller Street,Level 15,North Sydney,NSW,2060,Australia,APAC,O'Hara,Anna,Small,04-11-2003
10265,45,86.84,2,3907.8,2004-07-02,Shipped,3,7,2004,Classic Cars,80,S18_3278,"Australian Collectables, Ltd",61-9-3844-6555,7 Allen Street,,Glen Waverly,Victoria,3150,Australia,APAC,Connery,Sean,Medium,02-07-2004
10342,25,66.74,5,1668.5,2004-11-24,Shipped,4,11,2004,Classic Cars,80,S18_3278,"Australian Collectors, Co.",03 9520 4555,636 St Kilda Road,Level 3,Melbourne,Victoria,3004,Australia,APAC,Ferguson,Peter,Small,24-11-2004
10139,30,100.0,5,3095.4,2003-07-16,Shipped,3,7,2003,Vintage Cars,99,S18_3320,Souveniers And Things Co.,+61 2 9495 8555,"Monitor Money Building, 815 Pacific Hwy",Level 6,Chatswood,NSW,2067,Australia,APAC,Huxley,Adrian,Medium,16-07-2003
10193,32,79.37,5,2539.84,2003-11-21,Shipped,4,11,2003,Vintage Cars,99,S18_3320,"Australian Collectables, Ltd",61-9-3844-6555,7 Allen Street,,Glen Waverly,Victoria,3150,Australia,APAC,Connery,Sean,Small,21-11-2003
10347,26,100.0,12,2656.94,2004-11-29,Shipped,4,11,2004,Vintage Cars,99,S18_3320,"Australian Collectors, Co.",03 9520 4555,636 St Kilda Road,Level 3,Melbourne,Victoria,3004,Australia,APAC,Ferguson,Peter,Small,29-11-2004
10169,36,100.0,4,4444.92,2003-11-04,Shipped,4,11,2003,Classic Cars,146,S18_3482,"Anna's Decorations, Ltd",02 9936 8555,201 Miller Street,Level 15,North Sydney,NSW,2060,Australia,APAC,O'Hara,Anna,Medium,04-11-2003
10265,49,100.0,1,8427.02,2004-07-02,Shipped,3,7,2004,Classic Cars,146,S18_3482,"Australian Collectables, Ltd",61-9-3844-6555,7 Allen Street,,Glen Waverly,Victoria,3150,Australia,APAC,Connery,Sean,Large,02-07-2004
10342,55,100.0,7,6548.3,2004-11-24,Shipped,4,11,2004,Classic Cars,146,S18_3482,"Australian Collectors, Co.",03 9520 4555,636 St Kilda Road,Level 3,Melbourne,Victoria,3004,Australia,APAC,Ferguson,Peter,Medium,24-11-2004
10148,28,100.0,11,3639.44,2003-09-11,Shipped,3,9,2003,Classic Cars,141,S18_3685,"Anna's Decorations, Ltd",02 9936 8555,201 Miller Street,Level 15,North Sydney,NSW,2060,Australia,APAC,O'Hara,Anna,Medium,11-09-2003
10240,37,100.0,1,5959.22,2004-04-13,Shipped,2,4,2004,Classic Cars,141,S18_3685,Osaka Souveniers Co.,+81 06 6342 5555,"Dojima Avanza 4F, 1-6-20 Dojima, Kita-ku",,Osaka,Osaka,530-0003,Japan,Japan,Kentary,Mory,Medium,13-04-2004
10169,38,68.39,8,2598.82,2003-11-04,Shipped,4,11,2003,Motorcycles,62,S18_3782,"Anna's Decorations, Ltd",02 9936 8555,201 Miller Street,Level 15,North Sydney,NSW,2060,Australia,APAC,O'Hara,Anna,Small,04-11-2003
10342,26,55.95,8,1454.7,2004-11-24,Shipped,4,11,2004,Motorcycles,62,S18_3782,"Australian Collectors, Co.",03 9520 4555,636 St Kilda Road,Level 3,Melbourne,Victoria,3004,Australia,APAC,Ferguson,Peter,Small,24-11-2004
10316,47,86.81,14,4080.07,2004-11-01,Shipped,4,11,2004,Vintage Cars,105,S18_3856,giftsbymail.co.uk,(198) 555-8888,Garden House Crowther Way,,Cowes,Isle of Wight,PO31 7PJ,Uk,EMEA,Bennett,Helen,Medium,01-11-2004
10415,51,100.0,5,6209.25,2005-05-09,Disputed,2,5,2005,Vintage Cars,105,S18_3856,"Australian Collectables, Ltd",61-9-3844-6555,7 Allen Street,,Glen Waverly,Victoria,3150,Australia,APAC,Connery,Sean,Medium,09-05-2005
10152,35,100.0,1,4524.1,2003-09-25,Shipped,3,9,2003,Classic Cars,143,S18_4027,"Australian Gift Network, Co",61-7-3844-6555,31 Duncan St. West End,,South Brisbane,Queensland,4101,Australia,APAC,Calaghan,Tony,Medium,25-09-2003
10372,48,100.0,6,7031.52,2005-01-26,Shipped,1,1,2005,Classic Cars,143,S18_4027,"Tokyo Collectables, Ltd",+81 3 3584 0555,2-2-8 Roppongi,,Minato-ku,Tokyo,106-0032,Japan,Japan,Shimamura,Akiko,Large,26-01-2005
10148,34,100.0,1,3598.22,2003-09-11,Shipped,3,9,2003,Vintage Cars,92,S18_4409,"Anna's Decorations, Ltd",02 9936 8555,201 Miller Street,Level 15,North Sydney,NSW,2060,Australia,APAC,O'Hara,Anna,Medium,11-09-2003
10193,24,97.55,15,2341.2,2003-11-21,Shipped,4,11,2003,Vintage Cars,92,S18_4409,"Australian Collectables, Ltd",61-9-3844-6555,7 Allen Street,,Glen Waverly,Victoria,3150,Australia,APAC,Connery,Sean,Small,21-11-2003
10420,66,92.95,6,6134.7,2005-05-29,In Process,2,5,2005,Vintage Cars,92,S18_4409,Souveniers And Things Co.,+61 2 9495 8555,"Monitor Money Building, 815 Pacific Hwy",Level 6,Chatswood,NSW,2067,Australia,APAC,Huxley,Adrian,Medium,29-05-2005
10232,23,89.53,5,2059.19,2004-03-20,Shipped,1,3,2004,Vintage Cars,87,S18_4522,giftsbymail.co.uk,(198) 555-8888,Garden House Crowther Way,,Cowes,Isle of Wight,PO31 7PJ,Uk,EMEA,Bennett,Helen,Small,20-03-2004
10372,41,86.89,7,3562.49,2005-01-26,Shipped,1,1,2005,Vintage Cars,87,S18_4522,"Tokyo Collectables, Ltd",+81 3 3584 0555,2-2-8 Roppongi,,Minato-ku,Tokyo,106-0032,Japan,Japan,Shimamura,Akiko,Medium,26-01-2005
10270,38,100.0,3,5383.08,2004-07-19,Shipped,3,7,2004,Trucks and Buses,121,S18_4600,Souveniers And Things Co.,+61 2 9495 8555,"Monitor Money Building, 815 Pacific Hwy",Level 6,Chatswood,NSW,2067,Australia,APAC,Huxley,Adrian,Medium,19-07-2004
10347,45,100.0,4,5884.65,2004-11-29,Shipped,4,11,2004,Trucks and Buses,121,S18_4600,"Australian Collectors, Co.",03 9520 4555,636 St Kilda Road,Level 3,Melbourne,Victoria,3004,Australia,APAC,Ferguson,Peter,Medium,29-11-2004
10370,29,57.53,6,1668.37,2005-01-20,Shipped,1,1,2005,Trucks and Buses,121,S18_4600,"Anna's Decorations, Ltd",02 9936 8555,201 Miller Street,Level 15,North Sydney,NSW,2060,Australia,APAC,O'Hara,Anna,Small,20-01-2005
10174,49,44.78,2,2194.22,2003-11-06,Shipped,4,11,2003,Vintage Cars,50,S18_4668,"Australian Gift Network, Co",61-7-3844-6555,31 Duncan St. West End,,South Brisbane,Queensland,4101,Australia,APAC,Calaghan,Tony,Small,06-11-2003
10258,21,59.87,4,1257.27,2004-06-15,Shipped,2,6,2004,Vintage Cars,50,S18_4668,"Tokyo Collectables, Ltd",+81 3 3584 0555,2-2-8 Roppongi,,Minato-ku,Tokyo,106-0032,Japan,Japan,Shimamura,Akiko,Small,15-06-2004
10270,44,58.36,7,2567.84,2004-07-19,Shipped,3,7,2004,Vintage Cars,50,S18_4668,Souveniers And Things Co.,+61 2 9495 8555,"Monitor Money Building, 815 Pacific Hwy",Level 6,Chatswood,NSW,2067,Australia,APAC,Huxley,Adrian,Small,19-07-2004
10370,20,100.0,2,2730.0,2005-01-20,Shipped,1,1,2005,Vintage Cars,50,S18_4668,"Anna's Decorations, Ltd",02 9936 8555,201 Miller Street,Level 15,North Sydney,NSW,2060,Australia,APAC,O'Hara,Anna,Small,20-01-2005
10169,33,100.0,7,4910.4,2003-11-04,Shipped,4,11,2003,Classic Cars,148,S18_4721,"Anna's Decorations, Ltd",02 9936 8555,201 Miller Street,Level 15,North Sydney,NSW,2060,Australia,APAC,O'Hara,Anna,Medium,04-11-2003
10342,38,100.0,11,6276.46,2004-11-24,Shipped,4,11,2004,Classic Cars,148,S18_4721,"Australian Collectors, Co.",03 9520 4555,636 St Kilda Road,Level 3,Melbourne,Victoria,3004,Australia,APAC,Ferguson,Peter,Medium,24-11-2004
10148,29,81.25,2,2356.25,2003-09-11,Shipped,3,9,2003,Classic Cars,71,S18_4933,"Anna's Decorations, Ltd",02 9936 8555,201 Miller Street,Level 15,North Sydney,NSW,2060,Australia,APAC,O'Hara,Anna,Small,11-09-2003
10193,25,76.26,16,1906.5,2003-11-21,Shipped,4,11,2003,Classic Cars,71,S18_4933,"Australian Collectables, Ltd",61-9-3844-6555,7 Allen Street,,Glen Waverly,Victoria,3150,Australia,APAC,Connery,Sean,Small,21-11-2003
10420,36,57.73,7,2078.28,2005-05-29,In Process,2,5,2005,Classic Cars,71,S18_4933,Souveniers And Things Co.,+61 2 9495 8555,"Monitor Money Building, 815 Pacific Hwy",Level 6,Chatswood,NSW,2067,Australia,APAC,Huxley,Adrian,Small,29-05-2005
10148,25,60.26,6,1506.5,2003-09-11,Shipped,3,9,2003,Classic Cars,73,S24_1046,"Anna's Decorations, Ltd",02 9936 8555,201 Miller Street,Level 15,North Sydney,NSW,2060,Australia,APAC,O'Hara,Anna,Small,11-09-2003
10420,60,64.67,11,3880.2,2005-05-29,In Process,2,5,2005,Classic Cars,73,S24_1046,Souveniers And Things Co.,+61 2 9495 8555,"Monitor Money Building, 815 Pacific Hwy",Level 6,Chatswood,NSW,2067,Australia,APAC,Huxley,Adrian,Medium,29-05-2005
10152,25,65.31,4,1632.75,2003-09-25,Shipped,3,9,2003,Classic Cars,57,S24_1444,"Australian Gift Network, Co",61-7-3844-6555,31 Duncan St. West End,,South Brisbane,Queensland,4101,Australia,APAC,Calaghan,Tony,Small,25-09-2003
10120,35,98.05,1,3431.75,2003-04-29,Shipped,2,4,2003,Motorcycles,112,S24_1578,"Australian Collectors, Co.",03 9520 4555,636 St Kilda Road,Level 3,Melbourne,Victoria,3004,Australia,APAC,Ferguson,Peter,Medium,29-04-2003
10223,32,91.29,2,2921.28,2004-02-20,Shipped,1,2,2004,Motorcycles,112,S24_1578,"Australian Collectors, Co.",03 9520 4555,636 St Kilda Road,Level 3,Melbourne,Victoria,3004,Australia,APAC,Ferguson,Peter,Small,20-02-2004
10339,27,84.39,10,2278.53,2004-11-23,Shipped,4,11,2004,Motorcycles,112,S24_1578,"Tokyo Collectables, Ltd",+81 3 3584 0555,2-2-8 Roppongi,,Minato-ku,Tokyo,106-0032,Japan,Japan,Shimamura,Akiko,Small,23-11-2004
10374,38,100.0,6,4197.1,2005-02-02,Shipped,1,2,2005,Motorcycles,112,S24_1578,"Australian Gift Network, Co",61-7-3844-6555,31 Duncan St. West End,,South Brisbane,Queensland,4101,Australia,APAC,Calaghan,Tony,Medium,02-02-2005
10148,47,56.85,8,2671.95,2003-09-11,Shipped,3,9,2003,Classic Cars,50,S24_1628,"Anna's Decorations, Ltd",02 9936 8555,201 Miller Street,Level 15,North Sydney,NSW,2060,Australia,APAC,O'Hara,Anna,Small,11-09-2003
10420,37,60.37,13,2233.69,2005-05-29,In Process,2,5,2005,Classic Cars,50,S24_1628,Souveniers And Things Co.,+61 2 9495 8555,"Monitor Money Building, 815 Pacific Hwy",Level 6,Chatswood,NSW,2067,Australia,APAC,Huxley,Adrian,Small,29-05-2005
10120,39,100.0,10,4651.53,2003-04-29,Shipped,2,4,2003,Planes,109,S24_1785,"Australian Collectors, Co.",03 9520 4555,636 St Kilda Road,Level 3,Melbourne,Victoria,3004,Australia,APAC,Ferguson,Peter,Medium,29-04-2003
10210,27,98.48,9,2658.96,2004-01-12,Shipped,1,1,2004,Planes,109,S24_1785,Osaka Souveniers Co.,+81 06 6342 5555,"Dojima Avanza 4F, 1-6-20 Dojima, Kita-ku",,Osaka,Osaka,530-0003,Japan,Japan,Kentary,Mory,Small,12-01-2004
10223,34,100.0,11,3608.76,2004-02-20,Shipped,1,2,2004,Planes,109,S24_1785,"Australian Collectors, Co.",03 9520 4555,636 St Kilda Road,Level 3,Melbourne,Victoria,3004,Australia,APAC,Ferguson,Peter,Medium,20-02-2004
10316,25,100.0,1,2872.25,2004-11-01,Shipped,4,11,2004,Planes,109,S24_1785,giftsbymail.co.uk,(198) 555-8888,Garden House Crowther Way,,Cowes,Isle of Wight,PO31 7PJ,Uk,EMEA,Bennett,Helen,Small,01-11-2004
10339,21,50.65,7,1063.65,2004-11-23,Shipped,4,11,2004,Planes,109,S24_1785,"Tokyo Collectables, Ltd",+81 3 3584 0555,2-2-8 Roppongi,,Minato-ku,Tokyo,106-0032,Japan,Japan,Shimamura,Akiko,Small,23-11-2004
10374,46,94.1,3,4328.6,2005-02-02,Shipped,1,2,2005,Planes,109,S24_1785,"Australian Gift Network, Co",61-7-3844-6555,31 Duncan St. West End,,South Brisbane,Queensland,4101,Australia,APAC,Calaghan,Tony,Medium,02-02-2005
10193,26,29.21,10,759.46,2003-11-21,Shipped,4,11,2003,Vintage Cars,33,S24_1937,"Australian Collectables, Ltd",61-9-3844-6555,7 Allen Street,,Glen Waverly,Victoria,3150,Australia,APAC,Connery,Sean,Small,21-11-2003
10391,33,100.0,8,8344.71,2005-03-09,Shipped,1,3,2005,Vintage Cars,33,S24_1937,"Anna's Decorations, Ltd",02 9936 8555,201 Miller Street,Level 15,North Sydney,NSW,2060,Australia,APAC,O'Hara,Anna,Large,09-03-2005
10420,45,26.88,1,1209.6,2005-05-29,In Process,2,5,2005,Vintage Cars,33,S24_1937,Souveniers And Things Co.,+61 2 9495 8555,"Monitor Money Building, 815 Pacific Hwy",Level 6,Chatswood,NSW,2067,Australia,APAC,Huxley,Adrian,Small,29-05-2005
10120,34,83.79,5,2848.86,2003-04-29,Shipped,2,4,2003,Motorcycles,76,S24_2000,"Australian Collectors, Co.",03 9520 4555,636 St Kilda Road,Level 3,Melbourne,Victoria,3004,Australia,APAC,Ferguson,Peter,Small,29-04-2003
10210,30,61.7,4,1851.0,2004-01-12,Shipped,1,1,2004,Motorcycles,76,S24_2000,Osaka Souveniers Co.,+81 06 6342 5555,"Dojima Avanza 4F, 1-6-20 Dojima, Kita-ku",,Osaka,Osaka,530-0003,Japan,Japan,Kentary,Mory,Small,12-01-2004
10223,38,69.31,6,2633.78,2004-02-20,Shipped,1,2,2004,Motorcycles,76,S24_2000,"Australian Collectors, Co.",03 9520 4555,636 St Kilda Road,Level 3,Melbourne,Victoria,3004,Australia,APAC,Ferguson,Peter,Small,20-02-2004
10232,46,100.0,4,5652.94,2004-03-20,Shipped,1,3,2004,Ships,122,S24_2011,giftsbymail.co.uk,(198) 555-8888,Garden House Crowther Way,,Cowes,Isle of Wight,PO31 7PJ,Uk,EMEA,Bennett,Helen,Medium,20-03-2004
10372,37,100.0,8,3910.53,2005-01-26,Shipped,1,1,2005,Ships,122,S24_2011,"Tokyo Collectables, Ltd",+81 3 3584 0555,2-2-8 Roppongi,,Minato-ku,Tokyo,106-0032,Japan,Japan,Shimamura,Akiko,Medium,26-01-2005
10193,20,50.62,9,1012.4,2003-11-21,Shipped,4,11,2003,Vintage Cars,44,S24_2022,"Australian Collectables, Ltd",61-9-3844-6555,7 Allen Street,,Glen Waverly,Victoria,3150,Australia,APAC,Connery,Sean,Small,21-11-2003
10391,24,100.0,1,4042.08,2005-03-09,Shipped,1,3,2005,Vintage Cars,44,S24_2022,"Anna's Decorations, Ltd",02 9936 8555,201 Miller Street,Level 15,North Sydney,NSW,2060,Australia,APAC,O'Hara,Anna,Medium,09-03-2005
10169,38,74.11,11,2816.18,2003-11-04,Shipped,4,11,2003,Motorcycles,69,S24_2360,"Anna's Decorations, Ltd",02 9936 8555,201 Miller Street,Level 15,North Sydney,NSW,2060,Australia,APAC,O'Hara,Anna,Small,04-11-2003
10148,21,73.6,4,1545.6,2003-09-11,Shipped,3,9,2003,Classic Cars,90,S24_2766,"Anna's Decorations, Ltd",02 9936 8555,201 Miller Street,Level 15,North Sydney,NSW,2060,Australia,APAC,O'Hara,Anna,Small,11-09-2003
10420,39,100.0,9,3933.93,2005-05-29,In Process,2,5,2005,Classic Cars,90,S24_2766,Souveniers And Things Co.,+61 2 9495 8555,"Monitor Money Building, 815 Pacific Hwy",Level 6,Chatswood,NSW,2067,Australia,APAC,Huxley,Adrian,Medium,29-05-2005
10316,34,63.71,10,2166.14,2004-11-01,Shipped,4,11,2004,Planes,68,S24_2841,giftsbymail.co.uk,(198) 555-8888,Garden House Crowther Way,,Cowes,Isle of Wight,PO31 7PJ,Uk,EMEA,Bennett,Helen,Small,01-11-2004
10339,55,100.0,12,6214.45,2004-11-23,Shipped,4,11,2004,Planes,68,S24_2841,"Tokyo Collectables, Ltd",+81 3 3584 0555,2-2-8 Roppongi,,Minato-ku,Tokyo,106-0032,Japan,Japan,Shimamura,Akiko,Medium,23-11-2004
10415,21,67.82,1,1424.22,2005-05-09,Disputed,2,5,2005,Planes,68,S24_2841,"Australian Collectables, Ltd",61-9-3844-6555,7 Allen Street,,Glen Waverly,Victoria,3150,Australia,APAC,Connery,Sean,Small,09-05-2005
10148,34,100.0,3,4392.12,2003-09-11,Shipped,3,9,2003,Classic Cars,117,S24_2887,"Anna's Decorations, Ltd",02 9936 8555,201 Miller Street,Level 15,North Sydney,NSW,2060,Australia,APAC,O'Hara,Anna,Medium,11-09-2003
10420,55,96.3,8,5296.5,2005-05-29,In Process,2,5,2005,Classic Cars,117,S24_2887,Souveniers And Things Co.,+61 2 9495 8555,"Monitor Money Building, 815 Pacific Hwy",Level 6,Chatswood,NSW,2067,Australia,APAC,Huxley,Adrian,Medium,29-05-2005
10342,39,40.4,9,1575.6,2004-11-24,Shipped,4,11,2004,Classic Cars,37,S24_2972,"Australian Collectors, Co.",03 9520 4555,636 St Kilda Road,Level 3,Melbourne,Victoria,3004,Australia,APAC,Ferguson,Peter,Small,24-11-2004
10339,55,100.0,13,10758.0,2004-11-23,Shipped,4,11,2004,Vintage Cars,88,S24_3151,"Tokyo Collectables, Ltd",+81 3 3584 0555,2-2-8 Roppongi,,Minato-ku,Tokyo,106-0032,Japan,Japan,Shimamura,Akiko,Large,23-11-2004
10148,31,73.62,5,2282.22,2003-09-11,Shipped,3,9,2003,Classic Cars,85,S24_3191,"Anna's Decorations, Ltd",02 9936 8555,201 Miller Street,Level 15,North Sydney,NSW,2060,Australia,APAC,O'Hara,Anna,Small,11-09-2003
10420,35,96.74,10,3385.9,2005-05-29,In Process,2,5,2005,Classic Cars,85,S24_3191,Souveniers And Things Co.,+61 2 9495 8555,"Monitor Money Building, 815 Pacific Hwy",Level 6,Chatswood,NSW,2067,Australia,APAC,Huxley,Adrian,Medium,29-05-2005
10169,34,50.21,1,1707.14,2003-11-04,Shipped,4,11,2003,Classic Cars,61,S24_3371,"Anna's Decorations, Ltd",02 9936 8555,201 Miller Street,Level 15,North Sydney,NSW,2060,Australia,APAC,O'Hara,Anna,Small,04-11-2003
10342,48,62.45,10,2997.6,2004-11-24,Shipped,4,11,2004,Classic Cars,61,S24_3371,"Australian Collectors, Co.",03 9520 4555,636 St Kilda Road,Level 3,Melbourne,Victoria,3004,Australia,APAC,Ferguson,Peter,Small,24-11-2004
10316,47,76.93,11,3615.71,2004-11-01,Shipped,4,11,2004,Vintage Cars,65,S24_3420,giftsbymail.co.uk,(198) 555-8888,Garden House Crowther Way,,Cowes,Isle of Wight,PO31 7PJ,Uk,EMEA,Bennett,Helen,Medium,01-11-2004
10339,29,99.69,14,2891.01,2004-11-23,Shipped,4,11,2004,Vintage Cars,65,S24_3420,"Tokyo Collectables, Ltd",+81 3 3584 0555,2-2-8 Roppongi,,Minato-ku,Tokyo,106-0032,Japan,Japan,Shimamura,Akiko,Small,23-11-2004
10361,34,100.0,6,3871.92,2004-12-17,Shipped,4,12,2004,Vintage Cars,65,S24_3420,Souveniers And Things Co.,+61 2 9495 8555,"Monitor Money Building, 815 Pacific Hwy",Level 6,Chatswood,NSW,2067,Australia,APAC,Huxley,Adrian,Medium,17-12-2004
10415,18,69.7,2,1254.6,2005-05-09,Disputed,2,5,2005,Vintage Cars,65,S24_3420,"Australian Collectables, Ltd",61-9-3844-6555,7 Allen Street,,Glen Waverly,Victoria,3150,Australia,APAC,Connery,Sean,Small,09-05-2005
10148,27,100.0,7,3469.5,2003-09-11,Shipped,3,9,2003,Classic Cars,107,S24_3432,"Anna's Decorations, Ltd",02 9936 8555,201 Miller Street,Level 15,North Sydney,NSW,2060,Australia,APAC,O'Hara,Anna,Medium,11-09-2003
10420,26,100.0,12,2617.16,2005-05-29,In Process,2,5,2005,Classic Cars,107,S24_3432,Souveniers And Things Co.,+61 2 9495 8555,"Monitor Money Building, 815 Pacific Hwy",Level 6,Chatswood,NSW,2067,Australia,APAC,Huxley,Adrian,Small,29-05-2005
10316,25,92.25,16,2306.25,2004-11-01,Shipped,4,11,2004,Vintage Cars,83,S24_3816,giftsbymail.co.uk,(198) 555-8888,Garden House Crowther Way,,Cowes,Isle of Wight,PO31 7PJ,Uk,EMEA,Bennett,Helen,Small,01-11-2004
10339,42,59.36,16,2493.12,2004-11-23,Shipped,4,11,2004,Vintage Cars,83,S24_3816,"Tokyo Collectables, Ltd",+81 3 3584 0555,2-2-8 Roppongi,,Minato-ku,Tokyo,106-0032,Japan,Japan,Shimamura,Akiko,Small,23-11-2004
10342,42,100.0,6,5013.54,2004-11-24,Shipped,4,11,2004,Classic Cars,140,S24_3856,"Australian Collectors, Co.",03 9520 4555,636 St Kilda Road,Level 3,Melbourne,Victoria,3004,Australia,APAC,Ferguson,Peter,Medium,24-11-2004
10210,29,69.6,16,2018.4,2004-01-12,Shipped,1,1,2004,Planes,68,S24_3949,Osaka Souveniers Co.,+81 06 6342 5555,"Dojima Avanza 4F, 1-6-20 Dojima, Kita-ku",,Osaka,Osaka,530-0003,Japan,Japan,Kentary,Mory,Small,12-01-2004
10316,30,77.79,8,2333.7,2004-11-01,Shipped,4,11,2004,Planes,68,S24_3949,giftsbymail.co.uk,(198) 555-8888,Garden House Crowther Way,,Cowes,Isle of Wight,PO31 7PJ,Uk,EMEA,Bennett,Helen,Small,01-11-2004
10339,45,96.92,11,4361.4,2004-11-23,Shipped,4,11,2004,Planes,68,S24_3949,"Tokyo Collectables, Ltd",+81 3 3584 0555,2-2-8 Roppongi,,Minato-ku,Tokyo,106-0032,Japan,Japan,Shimamura,Akiko,Medium,23-11-2004
10361,26,100.0,7,3710.98,2004-12-17,Shipped,4,12,2004,Planes,68,S24_3949,Souveniers And Things Co.,+61 2 9495 8555,"Monitor Money Building, 815 Pacific Hwy",Level 6,Chatswood,NSW,2067,Australia,APAC,Huxley,Adrian,Medium,17-12-2004
10193,22,41.03,12,902.66,2003-11-21,Shipped,4,11,2003,Vintage Cars,41,S24_3969,"Australian Collectables, Ltd",61-9-3844-6555,7 Allen Street,,Glen Waverly,Victoria,3150,Australia,APAC,Connery,Sean,Small,21-11-2003
10408,15,36.93,1,553.95,2005-04-22,Shipped,2,4,2005,Vintage Cars,41,S24_3969,"Tokyo Collectables, Ltd",+81 3 3584 0555,2-2-8 Roppongi,,Minato-ku,Tokyo,106-0032,Japan,Japan,Shimamura,Akiko,Small,22-04-2005
10420,15,43.49,3,652.35,2005-05-29,In Process,2,5,2005,Vintage Cars,41,S24_3969,Souveniers And Things Co.,+61 2 9495 8555,"Monitor Money Building, 815 Pacific Hwy",Level 6,Chatswood,NSW,2067,Australia,APAC,Huxley,Adrian,Small,29-05-2005
10152,23,100.0,3,2802.09,2003-09-25,Shipped,3,9,2003,Classic Cars,118,S24_4048,"Australian Gift Network, Co",61-7-3844-6555,31 Duncan St. West End,,South Brisbane,Queensland,4101,Australia,APAC,Calaghan,Tony,Small,25-09-2003
10139,29,100.0,4,3276.13,2003-07-16,Shipped,3,7,2003,Vintage Cars,97,S24_4258,Souveniers And Things Co.,+61 2 9495 8555,"Monitor Money Building, 815 Pacific Hwy",Level 6,Chatswood,NSW,2067,Australia,APAC,Huxley,Adrian,Medium,16-07-2003
10193,20,100.0,4,2279.0,2003-11-21,Shipped,4,11,2003,Vintage Cars,97,S24_4258,"Australian Collectables, Ltd",61-9-3844-6555,7 Allen Street,,Glen Waverly,Victoria,3150,Australia,APAC,Connery,Sean,Small,21-11-2003
10120,29,85.49,9,2479.21,2003-04-29,Shipped,2,4,2003,Planes,72,S24_4278,"Australian Collectors, Co.",03 9520 4555,636 St Kilda Road,Level 3,Melbourne,Victoria,3004,Australia,APAC,Ferguson,Peter,Small,29-04-2003
10210,40,71.0,8,2840.0,2004-01-12,Shipped,1,1,2004,Planes,72,S24_4278,Osaka Souveniers Co.,+81 06 6342 5555,"Dojima Avanza 4F, 1-6-20 Dojima, Kita-ku",,Osaka,Osaka,530-0003,Japan,Japan,Kentary,Mory,Small,12-01-2004
10223,23,74.62,10,1716.26,2004-02-20,Shipped,1,2,2004,Planes,72,S24_4278,"Australian Collectors, Co.",03 9520 4555,636 St Kilda Road,Level 3,Melbourne,Victoria,3004,Australia,APAC,Ferguson,Peter,Small,20-02-2004
10361,25,62.46,1,1561.5,2004-12-17,Shipped,4,12,2004,Planes,72,S24_4278,Souveniers And Things Co.,+61 2 9495 8555,"Monitor Money Building, 815 Pacific Hwy",Level 6,Chatswood,NSW,2067,Australia,APAC,Huxley,Adrian,Small,17-12-2004
10169,24,94.58,6,2269.92,2003-11-04,Shipped,4,11,2003,Classic Cars,80,S24_4620,"Anna's Decorations, Ltd",02 9936 8555,201 Miller Street,Level 15,North Sydney,NSW,2060,Australia,APAC,O'Hara,Anna,Small,04-11-2003
10270,32,85.72,1,2743.04,2004-07-19,Shipped,3,7,2004,Trucks and Buses,96,S32_1268,Souveniers And Things Co.,+61 2 9495 8555,"Monitor Money Building, 815 Pacific Hwy",Level 6,Chatswood,NSW,2067,Australia,APAC,Huxley,Adrian,Small,19-07-2004
10120,22,100.0,6,2461.36,2003-04-29,Shipped,2,4,2003,Motorcycles,99,S32_1374,"Australian Collectors, Co.",03 9520 4555,636 St Kilda Road,Level 3,Melbourne,Victoria,3004,Australia,APAC,Ferguson,Peter,Small,29-04-2003
10210,46,79.91,5,3675.86,2004-01-12,Shipped,1,1,2004,Motorcycles,99,S32_1374,Osaka Souveniers Co.,+81 06 6342 5555,"Dojima Avanza 4F, 1-6-20 Dojima, Kita-ku",,Osaka,Osaka,530-0003,Japan,Japan,Kentary,Mory,Medium,12-01-2004
10223,21,100.0,7,2475.27,2004-02-20,Shipped,1,2,2004,Motorcycles,99,S32_1374,"Australian Collectors, Co.",03 9520 4555,636 St Kilda Road,Level 3,Melbourne,Victoria,3004,Australia,APAC,Ferguson,Peter,Small,20-02-2004
10169,26,39.83,9,1035.58,2003-11-04,Shipped,4,11,2003,Motorcycles,40,S32_2206,"Anna's Decorations, Ltd",02 9936 8555,201 Miller Street,Level 15,North Sydney,NSW,2060,Australia,APAC,O'Hara,Anna,Small,04-11-2003
10152,33,50.95,2,1681.35,2003-09-25,Shipped,3,9,2003,Trains,62,S32_3207,"Australian Gift Network, Co",61-7-3844-6555,31 Duncan St. West End,,South Brisbane,Queensland,4101,Australia,APAC,Calaghan,Tony,Small,25-09-2003
10258,20,61.41,2,1228.2,2004-06-15,Shipped,2,6,2004,Trucks and Buses,64,S32_3522,"Tokyo Collectables, Ltd",+81 3 3584 0555,2-2-8 Roppongi,,Minato-ku,Tokyo,106-0032,Japan,Japan,Shimamura,Akiko,Small,15-06-2004
10270,21,63.35,5,1330.35,2004-07-19,Shipped,3,7,2004,Trucks and Buses,64,S32_3522,Souveniers And Things Co.,+61 2 9495 8555,"Monitor Money Building, 815 Pacific Hwy",Level 6,Chatswood,NSW,2067,Australia,APAC,Huxley,Adrian,Small,19-07-2004
10370,25,100.0,3,3160.25,2005-01-20,Shipped,1,1,2005,Trucks and Buses,64,S32_3522,"Anna's Decorations, Ltd",02 9936 8555,201 Miller Street,Level 15,North Sydney,NSW,2060,Australia,APAC,O'Hara,Anna,Medium,20-01-2005
10120,29,72.23,11,2094.67,2003-04-29,Shipped,2,4,2003,Vintage Cars,68,S32_4289,"Australian Collectors, Co.",03 9520 4555,636 St Kilda Road,Level 3,Melbourne,Victoria,3004,Australia,APAC,Ferguson,Peter,Small,29-04-2003
10210,39,59.16,10,2307.24,2004-01-12,Shipped,1,1,2004,Vintage Cars,68,S32_4289,Osaka Souveniers Co.,+81 06 6342 5555,"Dojima Avanza 4F, 1-6-20 Dojima, Kita-ku",,Osaka,Osaka,530-0003,Japan,Japan,Kentary,Mory,Small,12-01-2004
10223,20,66.04,12,1320.8,2004-02-20,Shipped,1,2,2004,Vintage Cars,68,S32_4289,"Australian Collectors, Co.",03 9520 4555,636 St Kilda Road,Level 3,Melbourne,Victoria,3004,Australia,APAC,Ferguson,Peter,Small,20-02-2004
10316,24,59.16,2,1419.84,2004-11-01,Shipped,4,11,2004,Vintage Cars,68,S32_4289,giftsbymail.co.uk,(198) 555-8888,Garden House Crowther Way,,Cowes,Isle of Wight,PO31 7PJ,Uk,EMEA,Bennett,Helen,Small,01-11-2004
10361,49,72.33,2,3544.17,2004-12-17,Shipped,4,12,2004,Vintage Cars,68,S32_4289,Souveniers And Things Co.,+61 2 9495 8555,"Monitor Money Building, 815 Pacific Hwy",Level 6,Chatswood,NSW,2067,Australia,APAC,Huxley,Adrian,Medium,17-12-2004
10169,34,100.0,12,3920.88,2003-11-04,Shipped,4,11,2003,Motorcycles,102,S32_4485,"Anna's Decorations, Ltd",02 9936 8555,201 Miller Street,Level 15,North Sydney,NSW,2060,Australia,APAC,O'Hara,Anna,Medium,04-11-2003
10120,49,50.62,12,2480.38,2003-04-29,Shipped,2,4,2003,Vintage Cars,43,S50_1341,"Australian Collectors, Co.",03 9520 4555,636 St Kilda Road,Level 3,Melbourne,Victoria,3004,Australia,APAC,Ferguson,Peter,Small,29-04-2003
10210,43,41.02,11,1763.86,2004-01-12,Shipped,1,1,2004,Vintage Cars,43,S50_1341,Osaka Souveniers Co.,+81 06 6342 5555,"Dojima Avanza 4F, 1-6-20 Dojima, Kita-ku",,Osaka,Osaka,530-0003,Japan,Japan,Kentary,Mory,Small,12-01-2004
10223,41,46.26,13,1896.66,2004-02-20,Shipped,1,2,2004,Vintage Cars,43,S50_1341,"Australian Collectors, Co.",03 9520 4555,636 St Kilda Road,Level 3,Melbourne,Victoria,3004,Australia,APAC,Ferguson,Peter,Small,20-02-2004
10316,34,47.57,3,1617.38,2004-11-01,Shipped,4,11,2004,Vintage Cars,43,S50_1341,giftsbymail.co.uk,(198) 555-8888,Garden House Crowther Way,,Cowes,Isle of Wight,PO31 7PJ,Uk,EMEA,Bennett,Helen,Small,01-11-2004
10361,33,82.59,3,2725.47,2004-12-17,Shipped,4,12,2004,Vintage Cars,43,S50_1341,Souveniers And Things Co.,+61 2 9495 8555,"Monitor Money Building, 815 Pacific Hwy",Level 6,Chatswood,NSW,2067,Australia,APAC,Huxley,Adrian,Small,17-12-2004
10372,24,58.58,9,1405.92,2005-01-26,Shipped,1,1,2005,Trains,58,S50_1514,"Tokyo Collectables, Ltd",+81 3 3584 0555,2-2-8 Roppongi,,Minato-ku,Tokyo,106-0032,Japan,Japan,Shimamura,Akiko,Small,26-01-2005
10169,48,80.55,10,3866.4,2003-11-04,Shipped,4,11,2003,Motorcycles,81,S50_4713,"Anna's Decorations, Ltd",02 9936 8555,201 Miller Street,Level 15,North Sydney,NSW,2060,Australia,APAC,O'Hara,Anna,Medium,04-11-2003
10339,22,100.0,5,2816.44,2004-11-23,Shipped,4,11,2004,Ships,66,S700_1138,"Tokyo Collectables, Ltd",+81 3 3584 0555,2-2-8 Roppongi,,Minato-ku,Tokyo,106-0032,Japan,Japan,Shimamura,Akiko,Small,23-11-2004
10120,47,82.21,13,3863.87,2003-04-29,Shipped,2,4,2003,Planes,91,S700_1691,"Australian Collectors, Co.",03 9520 4555,636 St Kilda Road,Level 3,Melbourne,Victoria,3004,Australia,APAC,Ferguson,Peter,Medium,29-04-2003
10210,21,78.55,12,1649.55,2004-01-12,Shipped,1,1,2004,Planes,91,S700_1691,Osaka Souveniers Co.,+81 06 6342 5555,"Dojima Avanza 4F, 1-6-20 Dojima, Kita-ku",,Osaka,Osaka,530-0003,Japan,Japan,Kentary,Mory,Small,12-01-2004
10223,25,100.0,14,2534.75,2004-02-20,Shipped,1,2,2004,Planes,91,S700_1691,"Australian Collectors, Co.",03 9520 4555,636 St Kilda Road,Level 3,Melbourne,Victoria,3004,Australia,APAC,Ferguson,Peter,Small,20-02-2004
10316,34,82.21,4,2795.14,2004-11-01,Shipped,4,11,2004,Planes,91,S700_1691,giftsbymail.co.uk,(198) 555-8888,Garden House Crowther Way,,Cowes,Isle of Wight,PO31 7PJ,Uk,EMEA,Bennett,Helen,Small,01-11-2004
10361,20,60.54,4,1210.8,2004-12-17,Shipped,4,12,2004,Planes,91,S700_1691,Souveniers And Things Co.,+61 2 9495 8555,"Monitor Money Building, 815 Pacific Hwy",Level 6,Chatswood,NSW,2067,Australia,APAC,Huxley,Adrian,Small,17-12-2004
10232,26,88.34,7,2296.84,2004-03-20,Shipped,1,3,2004,Ships,86,S700_1938,giftsbymail.co.uk,(198) 555-8888,Garden House Crowther Way,,Cowes,Isle of Wight,PO31 7PJ,Uk,EMEA,Bennett,Helen,Small,20-03-2004
10372,44,100.0,2,4496.8,2005-01-26,Shipped,1,1,2005,Ships,86,S700_1938,"Tokyo Collectables, Ltd",+81 3 3584 0555,2-2-8 Roppongi,,Minato-ku,Tokyo,106-0032,Japan,Japan,Shimamura,Akiko,Medium,26-01-2005
10316,45,93.24,13,4195.8,2004-11-01,Shipped,4,11,2004,Ships,90,S700_2047,giftsbymail.co.uk,(198) 555-8888,Garden House Crowther Way,,Cowes,Isle of Wight,PO31 7PJ,Uk,EMEA,Bennett,Helen,Medium,01-11-2004
10339,55,71.25,15,3918.75,2004-11-23,Shipped,4,11,2004,Ships,90,S700_2047,"Tokyo Collectables, Ltd",+81 3 3584 0555,2-2-8 Roppongi,,Minato-ku,Tokyo,106-0032,Japan,Japan,Shimamura,Akiko,Medium,23-11-2004
10361,24,45.39,14,1089.36,2004-12-17,Shipped,4,12,2004,Ships,90,S700_2047,Souveniers And Things Co.,+61 2 9495 8555,"Monitor Money Building, 815 Pacific Hwy",Level 6,Chatswood,NSW,2067,Australia,APAC,Huxley,Adrian,Small,17-12-2004
10415,32,95.95,4,3070.4,2005-05-09,Disputed,2,5,2005,Ships,90,S700_2047,"Australian Collectables, Ltd",61-9-3844-6555,7 Allen Street,,Glen Waverly,Victoria,3150,Australia,APAC,Connery,Sean,Medium,09-05-2005
10120,24,100.0,15,2584.8,2003-04-29,Shipped,2,4,2003,Planes,99,S700_2466,"Australian Collectors, Co.",03 9520 4555,636 St Kilda Road,Level 3,Melbourne,Victoria,3004,Australia,APAC,Ferguson,Peter,Small,29-04-2003
10210,26,99.72,14,2592.72,2004-01-12,Shipped,1,1,2004,Planes,99,S700_2466,Osaka Souveniers Co.,+81 06 6342 5555,"Dojima Avanza 4F, 1-6-20 Dojima, Kita-ku",,Osaka,Osaka,530-0003,Japan,Japan,Kentary,Mory,Small,12-01-2004
10316,23,100.0,6,2706.41,2004-11-01,Shipped,4,11,2004,Planes,99,S700_2466,giftsbymail.co.uk,(198) 555-8888,Garden House Crowther Way,,Cowes,Isle of Wight,PO31 7PJ,Uk,EMEA,Bennett,Helen,Small,01-11-2004
10361,26,100.0,9,2754.7,2004-12-17,Shipped,4,12,2004,Planes,99,S700_2466,Souveniers And Things Co.,+61 2 9495 8555,"Monitor Money Building, 815 Pacific Hwy",Level 6,Chatswood,NSW,2067,Australia,APAC,Huxley,Adrian,Small,17-12-2004
10316,48,74.45,18,3573.6,2004-11-01,Shipped,4,11,2004,Ships,72,S700_2610,giftsbymail.co.uk,(198) 555-8888,Garden House Crowther Way,,Cowes,Isle of Wight,PO31 7PJ,Uk,EMEA,Bennett,Helen,Medium,01-11-2004
10339,50,74.35,9,3717.5,2004-11-23,Shipped,4,11,2004,Ships,72,S700_2610,"Tokyo Collectables, Ltd",+81 3 3584 0555,2-2-8 Roppongi,,Minato-ku,Tokyo,106-0032,Japan,Japan,Shimamura,Akiko,Medium,23-11-2004
10258,45,80.92,1,3641.4,2004-06-15,Shipped,2,6,2004,Classic Cars,101,S700_2824,"Tokyo Collectables, Ltd",+81 3 3584 0555,2-2-8 Roppongi,,Minato-ku,Tokyo,106-0032,Japan,Japan,Shimamura,Akiko,Medium,15-06-2004
10270,46,88.0,4,4048.0,2004-07-19,Shipped,3,7,2004,Classic Cars,101,S700_2824,Souveniers And Things Co.,+61 2 9495 8555,"Monitor Money Building, 815 Pacific Hwy",Level 6,Chatswood,NSW,2067,Australia,APAC,Huxley,Adrian,Medium,19-07-2004
10120,24,100.0,7,3417.12,2003-04-29,Shipped,2,4,2003,Planes,118,S700_2834,"Australian Collectors, Co.",03 9520 4555,636 St Kilda Road,Level 3,Melbourne,Victoria,3004,Australia,APAC,Ferguson,Peter,Medium,29-04-2003
10210,25,100.0,6,2818.0,2004-01-12,Shipped,1,1,2004,Planes,118,S700_2834,Osaka Souveniers Co.,+81 06 6342 5555,"Dojima Avanza 4F, 1-6-20 Dojima, Kita-ku",,Osaka,Osaka,530-0003,Japan,Japan,Kentary,Mory,Small,12-01-2004
10223,29,100.0,8,3199.86,2004-02-20,Shipped,1,2,2004,Planes,118,S700_2834,"Australian Collectors, Co.",03 9520 4555,636 St Kilda Road,Level 3,Melbourne,Victoria,3004,Australia,APAC,Ferguson,Peter,Medium,20-02-2004
10361,44,72.42,5,3186.48,2004-12-17,Shipped,4,12,2004,Planes,118,S700_2834,Souveniers And Things Co.,+61 2 9495 8555,"Monitor Money Building, 815 Pacific Hwy",Level 6,Chatswood,NSW,2067,Australia,APAC,Huxley,Adrian,Medium,17-12-2004
10120,43,76.0,14,3268.0,2003-04-29,Shipped,2,4,2003,Planes,80,S700_3167,"Australian Collectors, Co.",03 9520 4555,636 St Kilda Road,Level 3,Melbourne,Victoria,3004,Australia,APAC,Ferguson,Peter,Medium,29-04-2003
10210,31,86.4,13,2678.4,2004-01-12,Shipped,1,1,2004,Planes,80,S700_3167,Osaka Souveniers Co.,+81 06 6342 5555,"Dojima Avanza 4F, 1-6-20 Dojima, Kita-ku",,Osaka,Osaka,530-0003,Japan,Japan,Kentary,Mory,Small,12-01-2004
10223,26,67.2,15,1747.2,2004-02-20,Shipped,1,2,2004,Planes,80,S700_3167,"Australian Collectors, Co.",03 9520 4555,636 St Kilda Road,Level 3,Melbourne,Victoria,3004,Australia,APAC,Ferguson,Peter,Small,20-02-2004
10316,48,75.2,5,3609.6,2004-11-01,Shipped,4,11,2004,Planes,80,S700_3167,giftsbymail.co.uk,(198) 555-8888,Garden House Crowther Way,,Cowes,Isle of Wight,PO31 7PJ,Uk,EMEA,Bennett,Helen,Medium,01-11-2004
10361,44,100.0,10,5001.92,2004-12-17,Shipped,4,12,2004,Planes,80,S700_3167,Souveniers And Things Co.,+61 2 9495 8555,"Monitor Money Building, 815 Pacific Hwy",Level 6,Chatswood,NSW,2067,Australia,APAC,Huxley,Adrian,Medium,17-12-2004
10232,48,96.16,1,4615.68,2004-03-20,Shipped,1,3,2004,Ships,100,S700_3505,giftsbymail.co.uk,(198) 555-8888,Garden House Crowther Way,,Cowes,Isle of Wight,PO31 7PJ,Uk,EMEA,Bennett,Helen,Medium,20-03-2004
10232,35,82.43,2,2885.05,2004-03-20,Shipped,1,3,2004,Ships,99,S700_3962,giftsbymail.co.uk,(198) 555-8888,Garden House Crowther Way,,Cowes,Isle of Wight,PO31 7PJ,Uk,EMEA,Bennett,Helen,Small,20-03-2004
10210,42,70.33,15,2953.86,2004-01-12,Shipped,1,1,2004,Planes,74,S700_4002,Osaka Souveniers Co.,+81 06 6342 5555,"Dojima Avanza 4F, 1-6-20 Dojima, Kita-ku",,Osaka,Osaka,530-0003,Japan,Japan,Kentary,Mory,Small,12-01-2004
10316,44,62.19,7,2736.36,2004-11-01,Shipped,4,11,2004,Planes,74,S700_4002,giftsbymail.co.uk,(198) 555-8888,Garden House Crowther Way,,Cowes,Isle of Wight,PO31 7PJ,Uk,EMEA,Bennett,Helen,Small,01-11-2004
10339,50,57.86,8,2893.0,2004-11-23,Shipped,4,11,2004,Planes,74,S700_4002,"Tokyo Collectables, Ltd",+81 3 3584 0555,2-2-8 Roppongi,,Minato-ku,Tokyo,106-0032,Japan,Japan,Shimamura,Akiko,Small,23-11-2004
10361,35,100.0,11,4277.35,2004-12-17,Shipped,4,12,2004,Planes,74,S700_4002,Souveniers And Things Co.,+61 2 9495 8555,"Monitor Money Building, 815 Pacific Hwy",Level 6,Chatswood,NSW,2067,Australia,APAC,Huxley,Adrian,Medium,17-12-2004
10316,34,43.7,12,1485.8,2004-11-01,Shipped,4,11,2004,Planes,49,S72_1253,giftsbymail.co.uk,(198) 555-8888,Garden House Crowther Way,,Cowes,Isle of Wight,PO31 7PJ,Uk,EMEA,Bennett,Helen,Small,01-11-2004
10339,27,76.31,6,2060.37,2004-11-23,Shipped,4,11,2004,Planes,49,S72_1253,"Tokyo Collectables, Ltd",+81 3 3584 0555,2-2-8 Roppongi,,Minato-ku,Tokyo,106-0032,Japan,Japan,Shimamura,Akiko,Small,23-11-2004
10361,23,95.2,12,2189.6,2004-12-17,Shipped,4,12,2004,Planes,49,S72_1253,Souveniers And Things Co.,+61 2 9495 8555,"Monitor Money Building, 815 Pacific Hwy",Level 6,Chatswood,NSW,2067,Australia,APAC,Huxley,Adrian,Small,17-12-2004
10415,42,57.61,3,2419.62,2005-05-09,Disputed,2,5,2005,Planes,49,S72_1253,"Australian Collectables, Ltd",61-9-3844-6555,7 Allen Street,,Glen Waverly,Victoria,3150,Australia,APAC,Connery,Sean,Small,09-05-2005
10232,24,49.69,3,1192.56,2004-03-20,Shipped,1,3,2004,Ships,54,S72_3212,giftsbymail.co.uk,(198) 555-8888,Garden House Crowther Way,,Cowes,Isle of Wight,PO31 7PJ,Uk,EMEA,Bennett,Helen,Small,20-03-2004
